index,text,company,positive,negative,notr
0,Ä°nternet yine gitti gerÃ§ekten artÄ±k gÄ±na geldi gÄ±na @TurkNetDestek,TurkNetDestek,,,
1,internetin amÄ±nakoydunux yine @TurkNetDestek,,,,
2,ArayÄ±nca biraz tuÅŸlama yaptÄ±rÄ±p kapatmak iÃ§in mi kurdunuz mÃ¼ÅŸteri hizmetlerini kaÃ§a basÄ±nca insan Ã§Ä±kÄ±yor? (ArÄ±za kaydÄ±m YOK bazÄ± SORULARIM var) @TurkNetDestek,,,,
3,Bu geceki bedduam yine @TurkNetDestek e. Allah belasÄ±nÄ± versin bÃ¶yle firmanÄ±n bezdirdiniz be,,,,
4,48 saatten fazladÄ±r internet yok. DÃ¼n akÅŸam bitecekti Ã§alÄ±ÅŸma sÃ¶zde. Ne bir bilgilendirme var ne birine ulaÅŸabilmek mÃ¼mkÃ¼n. Allah belanÄ±zÄ± versin. Reziller. @TurkNetDestek,,,,
5,tÃ¼m online oyunlarda 1000 ping spikelar ne demek @TurkNetDestek,,,,
6,KardeÅŸim bu ne ya 3 4 ayda bir zam zam. Sende bizi piÅŸman ettin.  @TurkNetDestek @TurkNet,,,,
7,Day 23 tam olarak 23 gundur internetimiz yok :d @TurkNetDestek @TurkNet,,,,
8,Size ulaÅŸana Ã¶dÃ¼l veriyor musunuz? @TurkNetDestek,,,,
9,"YaÅŸadÄ±ÄŸÄ±m bÃ¶lgedeki arÄ±zadan dolayÄ± internetim yok, bu sÃ¼rekli oluyor. Ben kendi yaÅŸadÄ±ÄŸÄ±m sorunlardan dolayÄ± fayurayÄ± Ã¶dememezlik yapmÄ±yorum ama. AyrÄ±ca hÄ±zlÄ± iÅŸlem hattÄ±nÄ±z da aynÄ± ÅŸeyleri geveleyip  gÃ¶rÃ¼ÅŸmeyi otomatik sonlandÄ±rÄ±yorsunuz. @TurkNet @TurkNetDestek",,,,
10,YazlÄ±ktayÄ±m !  Ä°nternet sorunu yaÅŸÄ±yorum.  Yenileme dÃ¶neminde deÄŸerlendirmek Ã¼zere  yardÄ±mlarÄ±nÄ±zÄ± rica ediyorum @TurkNetDestek @SuperYardim @turksatkablo,,,,
11,deÄŸerli @TurkNetDestek @TurkNet yetkilileri bir haftadÄ±r abuk subuk numaralardan turk iss diye bir internet hizmet saÄŸlayÄ±cÄ± ÅŸirket tarafÄ±ndan aranÄ±yorum. sizin Ã§aÄŸrÄ± merkezinizden de organik zekaya sahip kimseyle konuÅŸamÄ±yorum. dolandÄ±rÄ±cÄ±lara numaramÄ± kim verdi bana dÃ¶nÃ¼ÅŸ yapÄ±n,,,,
12,BÃ¶lgenizde fiber hÄ±zlÄ± internet var diye reklam Ã§Ä±karÄ±p durmayÄ±n. Yok. Benim bÃ¶lgemde fiber yok! @TurkNet @TurkNetDestek,,,,
13,Sizin yÃ¼zÃ¼nÃ¼zden eve 1 hafta oldu kargo gelmiyor. Ne zaman hizmet vermeyi dÃ¼ÅŸÃ¼nÃ¼yorsunuz acaba @TurkNet @TurkNetDestek,,,,
14,Turknet 9 gÃ¼ndÃ¼r bir interneti taÅŸÄ±yamadiniz Ã¼stÃ¼ne Ã¼stelik gelmiÅŸ 7 gÃ¼n daha bekleyeceksiniz diyorsunuz bu nedir ya beceremiyosaniz sÃ¶yleyin baÅŸka ÅŸirkete geÃ§elim @TurkNetDestek @TurkNet,,,,
15,Ã‡ILDIRCAM @TurkNetDestek dÃ¼nden beri ulaÅŸmaya Ã§alÄ±ÅŸÄ±yorum arÄ±yorum online iÅŸlemlerden takip et diyip kapatÄ±yosunuz online iÅŸlemlerde de sadece sÃ¼reÃ§le alakalÄ± bir geliÅŸme olunca haber vericez diyosunuz,,,,
16,Yeni abonelik yapÄ±cam ama daha mÃ¼ÅŸteri temsilcinize baÄŸlanamÄ±yorum bile. @TurkNetDestek  @TurkNet  YardÄ±mcÄ± olun yoksa geberdirin,,,,
17,Ã§Ã¶zÃ¼ldÃ¼ onay bekliyoruz ne demek hiÃ§bir ÅŸey Ã§Ã¶zÃ¼lmedi hala internet yokkk @TurkNetDestek yeter artÄ±k kaÃ§ gÃ¼n oldu,,,,
18,"Neyse herÅŸeyi sÃ¶ylÃ¼yoruz bunu da sÃ¶yleyelim, internetteki sorun aslÄ±nda benim internet kablolarÄ±nÄ±n takÄ±lÄ± olduÄŸu prizdeymiÅŸ, 3 lÃ¼ prizin biri bozulmuÅŸ ,abi diÄŸerine takÄ±nca dÃ¼zeldi.. DesteÄŸiniz ve ilginiz iÃ§in teÅŸekkÃ¼r ederim ğŸ’ @TurkNetDestek @TurkNet",,,,
19,Sevgili @TurkNetDestek yÄ±llÄ±k paket fiyatlarÄ±nÄ±zÄ± Ã¶ÄŸrenebilir miyim lÃ¼tfen,,,,
20,Siteden veya banka hesabÄ±mdan hiÃ§ bir ÅŸekilde Ã¶deme yapamÄ±yorum. Abone no bulunamadÄ± diyor saÃ§malÄ±k @TurkNetDestek,,,,
21,yaÄŸmur yaÄŸdÄ± rÃ¼zgar esti internetim kesildi. ArkadaÅŸlarÄ±nÄ±zÄ±n bana Ã¶nerisi her zaman olduÄŸu gibi modemime kurulum yapmak oldu @TurkNetDestek lÃ¼tfen beni arayÄ±n,,,,
22,Siz ne kadar beceriksiz bir firmasÄ±nÄ±z ya dÃ¼n dediÄŸiniz ÅŸeye bugÃ¼n Ã¶yle bir ÅŸey yokmuÅŸ diyorsunuz internet sorunum hala Ã§Ã¶zÃ¼lmedi ne iÅŸe yarÄ±yorsunuz anlamadÄ±m @TurkNetDestek,,,,
23,internetimi geri verin gerÃ§ekten aÄŸlicam odanÄ±n kÃ¶ÅŸesine oturup @TurkNetDestek,,,,
24,Bu kadar rezil bi firma olamaz her yerde turkiyenin en hizlisi diye reklam yapmayi biliyolar bir sorun yasandiginda ulasabilcegin biri bile yok. Bir de ustune sizi ilgili birime aktariyorum diyip telefonu yuzunuze kapatiyolar. @TurkNet @TurkNetDestek,,,,
25,"Sevgili @TurkNet @TurkNetDestek iOSâ€™deki uygulamanÄ±z berbat, VoiceOverâ€™la hiÃ§ eriÅŸilebilir deÄŸil. Destek kaydÄ± oluÅŸturamÄ±yorum, hiÃ§bir ÅŸey seÃ§ilmiyor. destek kaydÄ± oluÅŸturmaya kalksam mesajlara cevap veremiyorum. UygulamanÄ±zÄ± eriÅŸilebilir hale getirmenizi talep ediyorum ğŸ™",,,,
26,Belli bir saatten sonra hep internette kopma var. Yeter artÄ±k @TurkNetDestek hoÅŸÃ§akal. DeÄŸiÅŸtireceÄŸim. Zaten diÄŸer operatÃ¶rler 2 hafta internet olmadÄ±ÄŸÄ±nda onun Ã¼cretini kullanÄ±cÄ±lardan almamÄ±ÅŸ fakat siz aldÄ±nÄ±z.,,,,
27,Sevgili @TurkNetDestek @TurkNet iOS uygulamanÄ±z VoiceOver ekran okuyucu ile hiÃ§ eriÅŸilebilir deÄŸil bu yÃ¼zden destek kaydÄ± oluÅŸturamÄ±yorum ne yazÄ±k ki. Sizden Ã§ok rica ediyorum uygulamanÄ±zÄ± lÃ¼tfen artÄ±k eriÅŸilebilir bir hale getirin. Her mÃ¼ÅŸteriniz gibi eriÅŸmeye hakkÄ±mÄ±z var ğŸ™,,,,
28,yav ÅŸu interneti bi dÃ¼zeltin sÃ¼rekli kopuyor @TurkNetDestek,,,,
29,Turknet haftada bir bÃ¶lgede teknik arÄ±za var diyip interneti kesiyorsun bide arayÄ±nca mÃ¼ÅŸteri hizmetlerine baÄŸlamÄ±yorsun. KardeÅŸim belki baÅŸka ÅŸikayetim var yetti yaaa  @TurkNetDestek,,,,
30,Turknetteki zorbaliga gel internetimi iptal etmek istiyorum diyorum iptal etmiyorum 599â‚ºden kullanacaksiniz diyo HAYIRDIR YA TEFECI MISINIZ SIZ??? @TurkNet @TurkNetDestek,,,,
31,mÃ¼ÅŸterilerinize verdiÄŸiniz deÄŸer 0 @TurkNetDestek @TurkNet,,,,
32,"Sevgili @TurkTelekom gÃ¼nlerdir arÄ±za kaydÄ± bÄ±rakmama raÄŸmen Ã§Ã¶zÃ¼ldÃ¼ denilen.Ä°nternet baÄŸlantÄ±sÄ± kesilip duruyor. Fiber baÄŸlantÄ±sÄ± binamÄ±za kadar geldi, fiber aÃ§Ä±lmadÄ± kaÃ§ aydÄ±r. YarÄ±n Ã§Ã¶zÃ¼lmez ise @TurkNetDestek geÃ§miÅŸimi yapacaÄŸÄ±m.",,,,
33,Ä°nternetimi verin @TurkNet @TurkNetDestek,,,,
34,tÃ¼m TÃ¼rknet altyapÄ±sÄ±nda mÄ± sorun var? 1 saattir ne internet var ne desteÄŸe baÄŸlanabiliyoruz? Noluyor? @TurkNetDestek,,,,
35,KardeÅŸim Ã¼yeliÄŸi iptal etmek istiyoruz dedik internet sÃ¼rekli kopuyo gelmiyor kullanamÄ±yoruz diye 5 gÃ¼n iÃ§inde iptal olcak dediniz internet komple gitti dÃ¼n de yoktu bugÃ¼n de yok iptal de olmadÄ± baÅŸka internet baÄŸlatamÄ±yoz neden bu kadar saÃ§ma bi yol izleniyo @TurkNetDestek,,,,
36,Ya @TurkNet @TurkNetDestek 1 haftadir bir modem kurulumu yapamadÄ±nÄ±z annemin evine ve size ulaÅŸamÄ±yoruz. Geri de aramÄ±yorsunuz. 65 yaÅŸÄ±nda kadÄ±na bu eziyeti neden yapÄ±yorsunuz lÃ¼tfen biri bana anlatsÄ±n.,,,,
37,"TÃ¼rkiye 'nin en bÃ¼yÃ¼k ÅŸehri Ä°stanbul 'un Ãœmraniye ilÃ§esinde cuma gÃ¼nÃ¼nden beri internet yok !!! Bu konuyla ilgili altyapÄ± saÄŸlayÄ±cÄ±sÄ± @TurkTelekom @TTDestek bunun dÄ±ÅŸÄ±nda servis saÄŸlayacÄ±sÄ± @TurkNetDestek @TurkNet hepsi iÃ§lerine kaÃ§mÄ±ÅŸ durumdalar , ne olduÄŸu belli deÄŸil ???",,,,
38,YÄ±l olmuÅŸ 2024 Ä°ZMÄ°Râ€™de Åirinyerâ€™in gÃ¶beÄŸinde bÃ¼tÃ¼n portlar bizim binada ama 50 mbps interneti zar zor alÄ±yoruz nasÄ±l altyapÄ± nasÄ±l internet hizmeti ben anlayamadÄ±m. @TurkTelekom @Turkcell @TurkcellHizmet @TurkNet @TurkNetDestek,,,,
39,TÃ¼rkiye'nin en kÃ¶tÃ¼ internet ve mÃ¼ÅŸteri deneyimini sunuyorsunuz. MÃ¼ÅŸteri hizmetlerine ulaÅŸmak imkansÄ±z. Ä°nternet hizmeti sunamÄ±yor. Her ay neredeyse zam yapÄ±yor. @TurkNetDestek bu markayÄ± tercih etmeyin.,,,,
40,YÄ±llardÄ±r TÃ¼rk Telekom haydutlarÄ±yla yaÅŸadÄ±ÄŸÄ±m sorundan bir nebze olsun kurtulurum Ã¼midiyle @TurkNet e geÃ§tim. Bilin bakalÄ±m noldu paÅŸamlar TÃ¼rk Telekom altyapÄ±sÄ± kullandÄ±klarÄ± iÃ§in yine her ay minimum 3-4 gÃ¼n internetim kesik. Diyolar ki tahminen ÅŸu gÃ¼n Ã§Ã¶zÃ¼lÃ¼r @TurkNetDestek,,,,
41,iyi ki insanlara tavsiye ettik. anÄ±nda bozdunuz. ariza var diyorum modem diyorsunuz modemi degsirirdim diyorum kablolara baktÄ±rÄ±n diyorsunuz! siz hangi konuda destek veriyorsunuz? her seyi ben yapacak kablolarada baska birini cagiracaksam? PÄ°SMANLÄ°KSÄ°NÄ°Z @TurkNet @TurkNetDestek,,,,
42,"Ä°nternetimiz berbat halde,sÃ¼rekli bozuluyor aÅŸÄ±rÄ± yavaÅŸ dizi bile izleyemiyorum ! @TurkNetDestek",,,,
43,Saatlerdir internetimiz kesilip duruyor uygulamanÄ±zdan destek kaydÄ± oluÅŸturmaya Ã§alÄ±ÅŸÄ±yoruz uygulama da hata veriyor acil dÃ¶nÃ¼ÅŸ yapar mÄ±sÄ±nÄ±z ? @TurkNetDestek @TurkNet,,,,
44,Ä°nternetim yok ve mÃ¼steri hizmetlerine ulaÅŸamÄ±yorum @TurkNetDestek  @TurkNet mÃ¼ÅŸteri hizmetleri telefonu suratÄ±ma kapatÄ±yor. Bir an Ã¶nce sorun Ã§Ã¶zÃ¼lsÃ¼n istiyorum,,,,
45,AnkaranÄ±n gÃ¶beÄŸinde 2024 yÄ±lÄ±nda bir haftadÄ±r internet yok hem ayda 400 tl para verip hem de internet paketi alan baÅŸka kullanÄ±cÄ±lar da var mÄ± acaba alt yapÄ± sorunu kendiliÄŸinden bile dÃ¼zelirdi bir haftada internet paketi almak zorunda mÄ±yÄ±m ben? @TurkNetDestek hala Ã§Ã¶zÃ¼m yok!!!!,,,,
46,"Ãœmraniye Tantavi mahallesinde neredeyse 2 gÃ¼ndÃ¼r internet yok !!!    ne bir bilgilendirme , ne de gerÃ§ek  bir Ã§Ã¶zÃ¼m var , Ã¶dediÄŸimiz paralarÄ± nereden ve kimden  mahsup edeceÄŸiz ???  sene olmuÅŸ 2024 gÃ¼nlerdir Ã§Ã¶zÃ¼lmeyen bir sorun var ! BattÄ±nÄ±z mÄ± !!!!  @TurkNetDestek @TurkTelekom",,,,
47,"Saatlerdir internetimiz yok evden Ã§alÄ±ÅŸÄ±yoruz, lÃ¼tfen yardÄ±mcÄ± olun. @TurkNetDestek @TurkNet",,,,
48,Sene olmuÅŸ 2024 millet uzaya Ã§Ä±karken biz 3 gÃ¼ndÃ¼r arÄ±zayÄ± gideremeyen beceriksiz @TurkNet interneti kullanÄ±yoruz maalesef. MÃ¼ÅŸteri hizmetlerinin olmamasÄ± da ayrÄ± bir facia tabi!!! @TurkNetDestek,,,,
49,kardesim ne les internetsiniz siz ya @TurkNetDestek,,,,
50,"8 saattir internetim yok.  Destek kaydÄ± aÃ§mak istediÄŸim de â€œbeklemeyen hata oluÅŸtuâ€ diyor.  MÃ¼ÅŸteri hizmetlerini arÄ±yorum canlÄ± kimseye baÄŸlanamÄ±yorum, robotu dinliyorum. 2016â€™dan beri TÃ¼rknetteyim ilk defa bÃ¶yle biÅŸey baÅŸÄ±ma geliyor, dÃ¶nÃ¼ÅŸ yaparsanÄ±z sevinirim. @TurkNetDestek",,,,
51,PiÅŸmanlÄ±k sebebisiniz @TurkNet @TurkNetDestek,,,,
52,3 gÃ¼ndÃ¼r evde internet yok. MÃ¼ÅŸteri hizmetlerini arÄ±yorum telesekreter altyapÄ± sorunu var diyor mÃ¼ÅŸteri hizmetlerine baÄŸlamÄ±yor. Uygulamadan arÄ±za kaydÄ± oluÅŸturmaya Ã§alÄ±ÅŸÄ±yorum beklenmedik bir hata oluÅŸtu diyor. Beni aforoz mu ettiniz abonelikten? @TurkNetDestek,,,,
53,BeÅŸ dakikada bir neden kopma yaÅŸÄ±yorum bant kaydÄ± dinletmek dÄ±ÅŸÄ±nda bir aÃ§Ä±klama yapar mÄ±sÄ±nÄ±z artÄ±k @TurkNetDestek @TurkNet,,,,
54,Turknet uydusu dÃ¼ÅŸtÃ¼ herhalde internet ÅŸebeke her ÅŸey gitmiÅŸ @TurkNetDestek UYANIN,,,,
55,YarÄ±n Ã¶ÄŸlene kadar internet veremiyorlarmÄ±ÅŸ turknetin ilk kazÄ±ÄŸÄ±nÄ± yedik. @TurkNetDestek,,,,
56,Yahu daha seÃ§im baÅŸlamadÄ± Ä°nterneti neden kestiniz @TurkNetDestek  @TurkNet,,,,
57,Tekrardan @TurkNet'li olmak Ã§ok gÃ¼zel. BÃ¼tÃ¼n @TurkNetDestek Ã§alÄ±ÅŸanlarÄ±na Ã§ok teÅŸekkÃ¼r ediyorum. Yeniden TURKNETLÄ° OLMAK HARÄ°KA.,,,,
58,bu internet hÄ±zÄ± iÅŸini biraz ciddiye alÄ±r mÄ±sÄ±nÄ±z @TurkNetDestek,,,,
59,TurkNet'e geÃ§mek istiyorum internet sitelerinde yazan numarayÄ± arÄ±yorum mÃ¼ÅŸteri hizmetlerine baÄŸlanamÄ±yorum. @TurkNet @TurkNetDestek kaÃ§ gÃ¼ndÃ¼r mÃ¼ÅŸteri hizmetlerine baÄŸlannaya Ã§alÄ±ÅŸÄ±yorum bir tane mÃ¼ÅŸteri temsilcisine baÄŸlanamadÄ±m.,,,,
60,Niye bu kadar bÃ¼yÃ¼k kÃ¼tÃ¼phanede dÃ¼zgÃ¼n Ä°nternet baglantisi olmaz ki @TurkNet @TurkNetDestek @nocontextytu @proftameryilmaz,,,,
61,"1 haftadÄ±r iÅŸyerinde internet yok, her gÃ¼n arÄ±yoruz tamam bugÃ¼n geleceÄŸiz deyip kapatÄ±yorsunuz. Para istemeye gelince kullanamadÄ±ÄŸÄ±m gÃ¼nleri de Ã§atÄ±r Ã§atÄ±r isteyeceksiniz ama 5 dakikalÄ±k iÅŸ iÃ§in gÃ¼nlerdir bizi sÃ¼rÃ¼ndÃ¼rÃ¼yorsunuz. @TurkNetDestek",,,,
62,Trafoya kedi mi kaÃ§tÄ± ne oldu bu ne yavaÅŸlÄ±k ya @TurkNetDestek,,,,
63,"BÃ¶lgemizde saatlerdir internet yok,mÃ¼ÅŸteri hizmetleri dÃ¼zeleceÄŸini sÃ¶yledi ama bir geliÅŸme yok?  @TurkNetDestek @TurkNet",,,,
64,merhaba ben hÄ±z yÃ¼kseltmek istiyorum mÃ¼mkÃ¼nmÃ¼dÃ¼r?@TurkNetDestek,,,,
65,"Sevgili @TurkNetDestek kurulum aÅŸamasÄ±nda 10 gÃ¼n boyunca bekletildim sorun var diye. Sorunu Ã§Ã¶zdÃ¼ler, 2 gÃ¼n sonra internet gitti ve cuma gÃ¼nÃ¼nden beri kullanamÄ±yorum. Toplamda 15 gÃ¼ndÃ¼r abonenizim sadece 2 gÃ¼n internetinizi kullandÄ±m. Her gÃ¼n arayÄ±p aynÄ± aÄŸÄ±zla yarÄ±n sorununuzu",,,,
66,"Her iki gÃ¼nde bir internet kesiliyor. ArÄ±za kaydÄ± oluÅŸturuyoruz, Ã§Ã¶zÃ¼ldÃ¼ diye not dÃ¼ÅŸÃ¼yorsunuz. Ama Ã§Ã¶zÃ¼len bir ÅŸey yok. UygulamanÄ±z hata veriyor. Ne yapalÄ±m? @TurkNetDestek",,,,
67,SayÄ±n @CemCelebiler  2023 den beri twit bile atmamÄ±ÅŸsÄ±nÄ±z ama @TurkNet ve @TurkNetDestek mesai saati dÄ±ÅŸÄ±nda cevap vermiyor. Ä°lginÃ§ olan da turknet mesai saati dÄ±ÅŸÄ±nda Ã§Ã¶kÃ¼yor. Rahat uyuyabiliyor musunuz? HayÄ±r bir ton iÅŸimiz var da sizden bi internet bekliyoruz....!,,,,
68,internetimin hÄ±zÄ± gÃ¼nlerdir rezil seviyede. hÄ±z testi yap diyorsunuz ben de kaÃ§ keredir hÄ±z testi menÃ¼sÃ¼ne bile giremediÄŸimi sÃ¶ylÃ¼yorum. ya evime teknik destek ekibi gÃ¶ndereceksiniz ya da kimse sizden abonelik almasÄ±n diye elimden geleni yapacaÄŸÄ±m @Turknetsikayetp @TurkNetDestek,,,,
69,KablolarÄ± mÄ± kesmiÅŸler bu nasÄ±l teknik arÄ±za sabahtan beri internet kesik! @TurkNetDestek,,,,
70,SayÄ±n @BTKgovtr  @TurkNet ÅŸu an Ã§Ã¶ktÃ¼. Ã–demelerini aksatmayan biz mÃ¼ÅŸteriler iÃ§in karÅŸÄ± tarafa ne gibi yaptÄ±rÄ±mlarÄ±nÄ±z oluyor? Misal kulak mÄ± Ã§ekiliyor parmak mÄ± sallanÄ±yor? Ya da ÅŸapÅŸik @TurkNetDestek sen ne yapÄ±yorsun diye mesaj mÄ± atÄ±lÄ±yor..?,,,,
71,Daha ne kadar arÄ±za kaydÄ± bÄ±rakmam lazÄ±m aramanÄ±z iÃ§in ? @TurkNetDestek internetim bi haftadÄ±r sÃ¼rekli kopuyordu ÅŸimdi iki gÃ¼ndÃ¼r tamamen gitti. SÃ¼rekli zam yapÄ±yorsunuz ama problem Ã§Ã¶zmeye gelince sÄ±fÄ±r gerÃ§ekten. Ä°rtibat bile kuramÄ±yoruz.,,,,
72,Ã‡Ã–ZEBÄ°LECEK MÄ°SÄ°NÄ°Z ARTIK ÅU SORUNU KAÃ‡ SAATTÄ°R Ä°NTERNETSÄ°ZÄ°Z @TurkNet @TurkNetDestek,,,,
73,Ä°letiÅŸim Ã§aÄŸÄ±nda iletiÅŸimin 1 numaralÄ± aracÄ± internet 6 saattir kesik. Ã–nce 21:46 gibi nedense Ã§ok spesifik bir saat verdiler Ã§Ã¶zÃ¼mÃ¼n saÄŸlanacaÄŸÄ± zamana dair. OlmadÄ± tabii. Åimdi de 24 saate hallolur merak etmeyin babÄ±nda bir cevapla karÅŸÄ±ma Ã§Ä±kÄ±yorlar. Bravo! @TurkNetDestek,,,,
74,Bir haftadÄ±r olmayan internete fatura kesmeyi bilirsiniz ama sorun Ã§Ã¶zmeye gelince ortada insan yok. ÅÃ¶yle doÄŸru dÃ¼rÃ¼st iÅŸini iyi yapan firmalar olsa keÅŸke Ã¶dediÄŸimiz paraya deÄŸse. @TurkNet  @TurkNetDestek,,,,
75,"DÃ¼nden bu yana internetimiz kesik. E-ticaret yapÄ±yoruz. Muhasebe iÅŸlemleri, satÄ±ÅŸ, kargo vs. tÃ¼m iletiÅŸim sistemlerimiz kilitlendi.  @TurkNetDestek 4 kez aradÄ±k. 'Acil kaydÄ± oluÅŸturduk', diyor mÃ¼ÅŸteri temsilcileri; hiÃ§bir aksiyon yok! Ne yapmalÄ±yÄ±z bilmiyorum. #internetkesintisi",,,,
76,"HER HAFTA KESÄ°NTÄ° OLMAK ZORUND MI? NEREDEN GEÃ‡TÄ°M DEMEYE BAÅLADIM YANÄ° HER HAFTA EN AZ 4-5 SAAT KESÄ°NTÄ° YAÅATMAK NE KADAR MAKUL? Ä°STANBUL, KUCUKCEKMECE, FEVZÄ° CAKMAK MAH. @TurkNetDestek @TurkNet",,,,
77,DÃ¼n 3 saat gelip interneti kuracaklar diye bekledim arayÄ±p bugÃ¼n gelemicez yarÄ±n gelelim dediler ok dedim bugÃ¼n de tatil Ã§alÄ±ÅŸmÄ±yoruz diyolar dÃ¼n iÃ§in de aradÄ±k aÃ§madÄ±nÄ±z dediler baÅŸlamadan iptal edicem dÃ¼nyanÄ±n en rezil firmasÄ± @TurkNet @TurkNetDestek,,,,
78,"GigaFiber hizmeti saÄŸlayÄ±p nasÄ±l bu kadar kÃ¶tÃ¼ saha ekibine sahip olabiliyorsunuz hayret edici @TurkNet @TurkNetDestek  5 gÃ¼ndÃ¼r arÄ±za nedeniyle internet hizmeti saÄŸlayamÄ±yorsunuz, saha ekibinizin gelip sorunu tespit etmesi 4 gÃ¼n sÃ¼rÃ¼yor, ÅŸimdi de altyapÄ± ekibi bekliyoruz. Pes!",,,,
79,Ver @TurkNet show yapÄ±yor. @TurkNetDestek destek anlayÄ±ÅŸlarÄ± alt yapÄ±sÄ±nÄ± @TurkTelekom aldÄ±klarÄ± hizmet iÃ§in tÃ¼rk Telekom a arÄ±za var demek sadece. Åaka gibi.,,,,
80,"Yine TurkNet faciasÄ±, ulan bir taneniz iyi bir internet saÄŸlayÄ±cÄ±sÄ± deÄŸilsiniz ya. Cuma gecesi kafanÄ±za gÃ¶re internet kesiyorsunuz! Neden internete baÄŸlanamÄ±yorum kardeÅŸim ben??? @TurkNetDestek @TurkNet @CemCelebiler",,,,
81,"Ä°nternet yok, Sesli yanÄ±t sistemi ""biz sizi ararÄ±z"" @TurkNetDestek @TurkNet #tÃ¼rknetpiÅŸmanlÄ±k",,,,
82,"11 gÃ¼ndÃ¼r internetimiz yok! TURKNET sÃ¼rekli olarak aynÄ± cevabÄ± veriyor ""sorunu ilgili birimlere aktarÄ±p aciliyetinizi bildiriyorum"" 11 GÃœNDÃœR ACÄ°LÄ°YETÄ°M GEREKLÄ° YERLERE ULAÅAMADI MI ACABA? @TurkNetDestek @TurkNet ALOOO TURKNET ACÄ°LÄ°YETÄ°M Ä°LETÄ°LMEDÄ°YSE BEN BURDAN Ä°LETEYÄ°M!!????",,,,
83,SeÃ§im gÃ¼nÃ¼ internet kesik. BÃ¶lgesel arÄ±zaymÄ±ÅŸâ€¦ Bu nasÄ±l iÅŸ? @TurkNet @TurkNetDestek,,,,
84,"Arka ve Ã¶n sokaÄŸÄ±mda #Superonline fiber var , yan sokakta #Turknet fiber var. Bir tÃ¼rlÃ¼ benim sokaÄŸa gelmiyor. Bermuda ÅŸeytan Ã¼Ã§geni sanki sokak. Ãœzerine #TÃ¼rkTelekom sabit telefonumu iptal etmiÅŸ yanlÄ±ÅŸlÄ±kla.  @SuperYardim @TurkNetDestek @TurkTelekom",,,,
85,. @TurkNetDestek haftalardÄ±r Ä±nternet yavas arÄ±yoruz otomatÄ±k mesaj 1 haftadÄ±r 5 loss la oyun oynuyorum yazÄ±k yazÄ±k,,,,
86,HÄ±zÄ±m Ã§ok dÃ¼ÅŸÃ¼k. Pingim Ã§ok yÃ¼ksek. ArÄ±za kaydÄ± oluÅŸtururken â€œbilinmeyen bir hata oluÅŸtuâ€ diye uyarÄ± veriyor sisteminiz. @TurkNetDestek @TurkNet  valla bezdirdiniz he,,,,
87,"DÃ¼nden beri hala internet yok, uzun zamandÄ±r da TÃ¼rknet kullanÄ±cÄ±sÄ± olarak ilk kez bu kadar maÄŸdur ettiniz, bu problemi ne zaman Ã§Ã¶zersiniz? @TurkNetDestek @TurkNet",,,,
88,"Tam 40 gÃ¼ndÃ¼r internetimiz yok. BaÅŸvurmadÄ±ÄŸÄ±mÄ±z kurum kalmadÄ±. 40 gÃ¼ndÃ¼r aynÄ± cevaplarÄ± alÄ±yoruz. GeÃ§tiÄŸimiz gÃ¼nlerde ""kazÄ± Ã§alÄ±ÅŸmasÄ± yapÄ±ldÄ±ÄŸÄ±nÄ± sÃ¶yleyen"" @TurkNetDestek , bugÃ¼nlerde ""kazÄ± Ã§alÄ±ÅŸmasÄ± iÃ§in onay beklenildiÄŸini"" sÃ¶ylÃ¼yor. @eyupbelediyesi yalvarÄ±rÄ±m artÄ±k ÅŸu onayÄ±+",,,,
89,10 gÃ¼ndÃ¼r bir nakil iÅŸlemini halledemediniz yahu. Ä°ptal baÅŸvurusu yaptÄ±m onu da yapmÄ±yorsunuz. Arafta bÄ±raktÄ±nÄ±z beni. @TurkNetDestek @SikayetvarCom,,,,
90,"' @TurkNet @TurkNetDestek ttnet'ten size geÃ§iÅŸ iÃ§in baÅŸvuru yaptÄ±m, ttnet tarafÄ±nda sÃ¼reÃ§ sonlandÄ±rÄ±ldÄ± fakat sizden henÃ¼z internet eriÅŸimi saÄŸlayamadÄ±m ve ÅŸuan internetsiz kaldÄ±m. Konu hakkÄ±nda ivedi desteÄŸinizi rica ederim. @CemCelebiler @yunuscelebiler",,,,
91,". @TurkNet @TurkNetDestek anlaÅŸmalÄ± olduÄŸunuz TEKNOFIX ÅŸirketi 1619 TL'ye bana bozuk modem sattÄ±, Ã¼stelik bina giriÅŸinden daireme baÄŸlantÄ± kurmamÄ±ÅŸlar bana kurdum dediler. 36 saatte Ã§Ã¶zÃ¼lÃ¼r dediÄŸiniz sorun 2 haftadÄ±r devam ediyor &gt;&gt;",,,,
92,Merhaba. Daha ilk aydan ev interneti faturasÄ± anlaÅŸtÄ±ÄŸÄ±mÄ±z rakamÄ±n Ã¼zerinde geldi.   08502888080 nolu telefondan canlÄ± olarak bir mÃ¼ÅŸteri temsilcisine ulaÅŸÄ±lamÄ±yor. Tam bir mide delme hattÄ±.Bir arkadaÅŸ beni arar mÄ± lÃ¼tfen! Abone no: 3911584 Telefonum sizde kayÄ±tlÄ± @TurkNetDestek,,,,
93,3 GÃ¼ndÃ¼r EyÃ¼psultan GÃ¼zeltepe Mahallesinde internet hizmetiniz yok tÃ¼m mahallede internet yok bÃ¶yle saÃ§malÄ±k varmÄ± 2024 yÄ±lÄ±ndayÄ±z. Evden Ã§alÄ±ÅŸan insanlar var maÄŸduriyetimiz var.  Acil Ã§Ã¶zÃ¼m bulun. @TurkNetDestek @TurkNet,,,,
94,Ä°ki gÃ¼ndÃ¼r internet yok. ArÄ±yorum Ã¶nce â€œarÄ±za varâ€ sonra â€œbakÄ±m varâ€ diyorsunuz. Durum nedir? @TurkNetDestek @TurkNet,,,,
95,Sevgili @TurkNet 08504840095 numara size mi ait? Benim size ait abone bilglerim ile beni arayÄ±p daha lanse etmediÄŸiniz kampanyayÄ± satmaya Ã§alÄ±ÅŸÄ±yor. Verilerimizi sattÄ±nÄ±z yada Ã§ok amatÃ¶r bir firmaya pazarlama iznimi verdiniz bi aydÄ±nlatÄ±r mÄ±sÄ±nÄ±z? @TurkNetDestek,,,,
96,TÃ¼m Ãœlke de internet gitti ve 1 saati geÃ§ti. Tek bir aÃ§Ä±klama yapma zahmetinde bile bulunmuyorsunuz. O kadar umrunuzda deÄŸil ki Ã¼lkenin Ã¶zeti gibisiniz. Tek bir yaptÄ±rÄ±m olmayacaÄŸÄ±nÄ± da biliyorsunuz. Tebrikler @TurkNetDestek @TurkNet #TÃ¼rknet #Turknet,,,,
97,"Ankara'da ""bakÄ±m Ã§alÄ±ÅŸmasÄ±"" ne zaman sona erecek? YayÄ±n yapamÄ±yorumğŸ˜¬@TurkNetDestek ???",,,,
98,senin ben verdiÄŸin hizmetin a.k sakÄ±n aÃ§mayÄ±n o telefonu tamammÄ± @TurkNetDestek,,,,
